spend,impr,clicks,ctr,conversions,cpa,cpc,conv rate,cpm
21799.999996549996,9886000,12230967,1.2372007889945378,12875519.919000002,0.0016931355109303522,0.0017823611163818851,1.0526984431402686,2.2051385794608533
31516.666657399997,25552000,33214960,1.299896681277395,42218893.2,0.0007465062266814705,0.0009488696255362041,1.2710806576313807,1.2334324771994363
23469.999999080002,15992000,21037540,1.3155040020010005,27741662.799999997,0.0008460199436596138,0.0011156247355479777,1.3186742746537854,1.4676088043446724
14958.333332380002,672000,148024,0.2202738095238095,32408.788,0.46155176590929603,0.10105343277022646,0.21894279306058478,22.259424601755953
