spend,impr,clicks,ctr,conversions,cpa,cpc,conv rate,cpm
24999.999996,12918000,2351360,0.18202198482737267,3045638.86,0.00820845843686142,0.010632144799605335,1.2952669348802395,1.935284099396191
33999.99999,30150000,3695068,0.12255615257048093,492943.996,0.06897335248201299,0.009201454476615856,0.1334059335308579,1.1276948587064675
25499.999999,17797000,1997325,0.11222818452548182,250102.03500000003,0.10195838670005222,0.012767075963601316,0.1252184972400586,1.432825757093892
15499.999999000001,608000,1823990,2.999983552631579,6050391.5,0.0025618176937806424,0.008497853606105298,3.3171187890284486,25.493421050986846
