spend,impr,clicks,ctr,conversions,cpa,cpc,conv rate,cpm
21783.3333299,13189000,11847442,0.8982820532261733,1702301.9440000001,0.012796398081244274,0.0018386528779714643,0.14368518908976302,1.6516288823944196
29963.333324499996,21635000,27684650,1.2796232955858562,4202804.875,0.00712936579633619,0.0010823085473177373,0.1518099334829951,1.3849472301594636
23224.999999090003,20590000,25794560,1.2527712481787276,4132974.175,0.005619439903490325,0.0009003836467491596,0.1602265816900928,1.1279747449776591
14434.999999070002,4758000,2193992,0.4611164354770912,482050.096,0.02994502048407434,0.006579331191303342,0.21971369813563588,3.0338377467570408
