spend,impr,clicks,ctr,conversions,cpa,cpc,conv rate,cpm
24999.999996,985011000,100783000,0.10231662387526637,13918744.010000002,0.0017961390753388816,0.00024805770810553367,0.138106069575226,0.0253804272195945
33999.99999,2667521000,364483672,0.13663760172834627,41651115.592,0.0008163046657153749,9.328264227430192e-05,0.11427429756579055,0.012745916523243864
25499.999999,2048454000,290780366,0.14195113290315525,33140273.677999996,0.0007694565303462791,8.769505434558811e-05,0.113970121620935,0.01244841231436
15499.999999000001,51764000,1386041,0.026776157174870568,38367.4231,0.40398855973728404,0.011182930374354007,0.027681304593442764,0.299435901379337
