impr,clicks,ctr,cost,conversions,cpa,cpc,conv rate,cpm
951957000,100930508,0.1060242300860228,24999.999996,11947538.5802,0.0020924812109358766,0.00024769517652680395,0.11837390712627742,0.026261690387275893
2432896000,337580633,0.1387567051776977,33999.99999,56889684.15,0.0005976478951852292,0.00010071667822839824,0.1685217651392934,0.013975114427414899
1703053000,224962949,0.13209392132834386,25499.999999,34993312.069,0.0007287106733057724,0.00011335199912853204,0.15555144624726625,0.014973110055294813
45869000,1469266,0.03203178617366849,15499.999999000001,94899.70479999999,0.16333032891583876,0.01054948525250023,0.06458987331089128,0.3379188558503565
