spend,impr,clicks,ctr,conversions,cpa,cpc,conv rate,cpm
21766.66666324,11459000,10358768,0.9039853390348198,1631292.7679999997,0.013343200613784616,0.002101279482583257,0.15747941917417205,1.8995258454699364
30656.6666576,26476000,33263470,1.2563631213174196,4710358.2875,0.0065083513368726946,0.000921631647497991,0.14160754387621013,1.1579040133554919
24008.33333239,19236000,26614480,1.3835766271574133,4391217.525,0.0054673523221535235,0.0009020778663490701,0.16499354956399676,1.248093851756602
14678.33333238,5510000,2675524,0.48557604355716877,616575.8539999999,0.023806208493497058,0.00548615274330561,0.23045050390129185,2.663944343444646
