spend,impr,clicks,ctr,conversions,cpa,cpc,conv rate,cpm
24999.999996,1031778000,127889599,0.123950693850809,16609671.7091,0.001505147147628641,0.00019548110394810135,0.12987507849719665,0.024230018469089277
33999.99999,2709656000,345099192,0.12735904188575967,40691982.474,0.0008355454299068417,9.852239813415732e-05,0.11791387351031526,0.012547718230653633
25499.999999,1932764000,253999417,0.13141770904259392,28952382.11,0.0008807565436970533,0.00010039393121520433,0.11398601796790737,0.01319354044208191
15499.999999000001,46454000,1291851,0.02780925216343049,36818.9797,0.4209785313252447,0.011998287727454638,0.028500949180671767,0.3336634089421794
