impr,clicks,ctr,cost,conversions,cpa,cpc,conv rate,cpm
804714000,99458212,0.12359448450008326,24999.999996,11841533.271,0.002111213085658863,0.00025136184829061675,0.11906038760278538,0.031066938062466916
2276358000,391179030,0.17184424857601485,33999.99999,52466934.54,0.0006480271868004583,8.691672452380691e-05,0.13412512051067768,0.014936139214482079
1672756000,311947913,0.18648739744469606,25499.999999,44286922.324,0.00057579074500693,8.174441609102863e-05,0.14196896494063097,0.015244303412452264
36996000,1939028,0.052411828305762784,15499.999999000001,93180.5938,0.16634364911076582,0.007993695809962518,0.048055311114640946,0.4189642123202509
