spend,impr,clicks,ctr,conversions,cpa,cpc,conv rate,cpm
24999.999996,10841000,2049471,0.18904815053961813,3002704.757,0.008325826885816599,0.012198269697887893,1.4651120981950954,2.3060603261691726
33999.99999,26921000,3715367,0.13800999219939825,451927.1969999999,0.0752333566461591,0.009151182101256752,0.12163729639629138,1.2629545704097171
25499.999999,21177000,2754636,0.130076781413798,329057.47500000003,0.07749406087492769,0.009257121448714095,0.11945588273731994,1.2041365632053642
15499.999999000001,481000,1355480,2.818045738045738,4009991.5999999996,0.0038653447550862706,0.011435063592970756,2.958355416531413,32.22453222245322
