spend,impr,clicks,ctr,conversions,cpa,cpc,conv rate,cpm
21999.99999648,10356000,11442071,1.1048735998455002,14309896.407,0.0015373975723345012,0.0019227288483422277,1.2506386655877244,2.12437234419467
31709.999990699995,26001000,31431540,1.2088588900426906,38780317.4,0.000817682838013595,0.0010088592538163893,1.23380265173135,1.2195684777777775
23969.99999906,21912000,29931170,1.3659716137276379,36844150.099999994,0.0006505781768341022,0.0008008373878822646,1.2309625751348843,1.0939211390589632
14108.333332410002,611000,131266,0.2148379705400982,29071.436,0.4852988112596158,0.10747896128784303,0.2214696570322856,23.090561918837974
