spend,impr,clicks,ctr,conversions,cpa,cpc,conv rate,cpm
22533.33332975,9290000,9862132,1.0615857911733046,10268647.664,0.0021943817790874005,0.0022848338807217343,1.0412198563150443,2.425547182965554
30779.999990999997,25644000,31375260,1.2234932147870847,35278183.8,0.0008724938949663276,0.0009810277266546954,1.1243949468466554,1.2002807670800186
23873.333332399998,19199000,24815390,1.2925355487264962,32925839.9,0.0007250637616202464,0.0009620374022894663,1.3268314501605656,1.2434675416636283
14329.999999090001,645000,152675,0.23670542635658914,34290.355,0.41790176856115957,0.09385950547954806,0.22459705256263307,22.21705426215504
