spend,impr,clicks,ctr,conversions,cpa,cpc,conv rate,cpm
24999.999996,1137670000,125793555,0.11057121573039634,13743851.7356,0.001818995175220333,0.00019873832165725818,0.10925720109905472,0.021974737837861594
33999.99999,2426800000,336918895,0.13883257582000988,41454101.016,0.0008201842316367455,0.0001009144945402958,0.12303881329065858,0.014010219214603593
25499.999999,1955857000,251535260,0.12860616087985982,32323084.919999998,0.0007889098476247792,0.00010137743709967342,0.12850319641071395,0.01303776298522847
15499.999999000001,60670000,1495958,0.02465729355529916,42657.096099999995,0.36336275593312134,0.010361253456982081,0.028514902223190756,0.25548046808966546
