spend,impr,clicks,ctr,conversions,cpa,cpc,conv rate,cpm
24999.999996,10794000,3037840,0.281437835834723,5458954.56,0.004579631451630915,0.008229531507913517,1.7969855423590444,2.316101537520845
33999.99999,27064000,3663351,0.13535881613952114,429584.04300000006,0.07914632897572499,0.009281119933634532,0.11726532428915494,1.2562814066656813
25499.999999,19522000,2548049,0.13052192398319845,317928.181,0.08020679361858772,0.010007656838231918,0.12477318175592383,1.3062186250896424
15499.999999000001,529000,1799690,3.402060491493384,5909721.9,0.002622796852589629,0.00861259439070062,3.2837443670854425,29.300567105860114
