spend,impr,clicks,ctr,conversions,cpa,cpc,conv rate,cpm
23049.999996219995,13100000,13286732,1.0142543511450381,2121316.0429999996,0.010865896230918194,0.0017348133458415505,0.15965671942506252,1.7595419844442746
31739.999990699995,27793000,35543370,1.278860504443565,5898214.625,0.005381289425475933,0.0008929935453700647,0.16594415850269684,1.1420141758968083
23911.66666573,18571000,21693180,1.1681212643368692,3578116.3499999996,0.006682752690736288,0.0011022665494745353,0.16494199329005704,1.2875809954084325
14008.333332430002,5179000,2331628,0.4502081482911759,519874.408,0.026945610549134788,0.006007962390411336,0.22296627420840717,2.7048336227901144
