impr,clicks,ctr,cost,conversions,cpa,cpc,conv rate,cpm
761593000,90680106,0.11906635959101515,24999.999996,13889903.327,0.0017998685381347146,0.00027569442845600553,0.15317475838636535,0.03282593195578216
2221927000,352466570,0.1586310306324195,33999.99999,56075055.717999995,0.0006063302043066192,9.646304893539265e-05,0.15909326015797753,0.015302032870566855
1818617000,307799723,0.16924933782099255,25499.999999,45341800.89,0.0005623949534087418,8.28460784514741e-05,0.14730942720828893,0.014021643918977991
40512000,2280534,0.05629280213270142,15499.999999000001,106753.41939999998,0.14519441237682737,0.006796653765740832,0.04681071161403425,0.38260268559932864
