impr,clicks,ctr,cost,conversions,cpa,cpc,conv rate,cpm
823167000,104211366,0.12659808520020846,24999.999996,17064356.4282,0.0014650420659689113,0.00023989705687189628,0.16374755540772779,0.03037050804514758
2382112000,359762993,0.1510269009181768,33999.99999,55948136.230000004,0.0006077056767401096,9.450666314086395e-05,0.15551387251773283,0.014273048450282773
1911092000,255585976,0.13373818528882964,25499.999999,36458117.56,0.0006994327108917249,9.97707323307911e-05,0.1426452191570949,0.013343156686857566
37923000,1756000,0.04630435355852649,15499.999999000001,81073.95489999998,0.191183469686638,0.00882687927050114,0.046169678189066046,0.40872293855971314
