spend,impr,clicks,ctr,conversions,cpa,cpc,conv rate,cpm
24999.999996,1356748000,161076786,0.11872270016244726,21923624.071200002,0.0011403224172613542,0.00015520548067056664,0.13610666450223313,0.018426413745220187
33999.99999,2663314000,350611667,0.13164488565749288,39507723.698,0.0008605912162871884,9.697338448808664e-05,0.11268228475123733,0.012766050112754258
25499.999999,1898747000,230638912,0.12146900666597499,29481608.436,0.0008649460240392428,0.00011056243622498531,0.12782582167227705,0.013429909302819175
15499.999999000001,52351000,1458275,0.02785572386391855,40361.584800000004,0.3840285280126067,0.010628996587749226,0.027677622396324427,0.2960783938988749
