spend,impr,clicks,ctr,conversions,cpa,cpc,conv rate,cpm
22749.99999643,13819000,16104256,1.1653705767421665,2969631.212,0.007660883918683032,0.0014126700417846066,0.18440039775820752,1.6462841013409075
31326.666657499998,26345000,27693750,1.0511956728031884,3742875.9749999996,0.008369677987393104,0.0011311818246896863,0.13515237102234257,1.189093439267413
22773.33333244,19754000,23547790,1.1920517363571934,3777299.275,0.006028998941959663,0.0009671112801855292,0.16040992700376552,1.1528466807957882
13609.99999913,4526000,2102716,0.4645859478568272,460058.244,0.02958321077087361,0.006472581175551049,0.2187923828039545,3.007070260523641
