spend,impr,clicks,ctr,conversions,cpa,cpc,conv rate,cpm
24999.999996,10813000,2184921,0.2020642744844169,2098507.481,0.011913228912620682,0.011442061290087834,0.9604500487660653,2.3120318131878297
33999.99999,27439000,3332546,0.1214528955136849,467501.38399999996,0.07272705740267926,0.010202409806196222,0.1402835501745512,1.239112212179744
25499.999999,21529000,2895925,0.13451275024385712,358419.62,0.07114565882023981,0.008805476660825125,0.12376688622806184,1.184448882855683
15499.999999000001,430000,1073130,2.495651162790698,3171368.1,0.004887480579438256,0.014443730022457671,2.9552506220122448,36.046511625581395
