spend,impr,clicks,ctr,conversions,cpa,cpc,conv rate,cpm
23983.33332949,10685000,11188276,1.0471011698642958,16082718.346,0.0014912487313100894,0.0021436129506896325,1.4374617095609727,2.244579628403369
31456.666657399997,29474000,38514750,1.3067364456809392,53304112.5,0.0005901358297148273,0.0008167433686418839,1.3839921718302728,1.0672683265725722
23421.666665750003,18606000,22934080,1.2326174352359454,28290451.6,0.0008279000631347292,0.0010212603542740762,1.2335551109963863,1.2588233185934645
14373.333332410002,632000,141745,0.22428006329113925,31992.32,0.4492744925160164,0.10140275376492999,0.22570334050583796,22.742616032294308
